ISBN:,Status:
72462368862,Invalid
3246584279,Invalid
xxxxxxxxxx,Invalid ISBN
3738299191,Invalid ISBN
89273849271,Invalid ISBN
1-943-829-08X,Valid ISBN
72462368862,Invalid ISBN
23455631453,Invalid ISBN
72462368862,Invalid ISBN
4637591749,Invalid ISBN
4637591749,Invalid ISBN
7943g898,Invalid ISBN
7943g898,Invalid ISBN
7943g898,Invalid ISBN
25@45$633x,Invalid ISBN
74219%4761,Invalid ISBN
74219%4761,Invalid ISBN
742194761,Invalid ISBN
742194761,Invalid ISBN
83$2 54-9@786%45,Invalid ISBN
word,Invalid ISBN
83$2>)54(9@786%4.5,Invalid ISBN
83254 978 62545,Valid ISBN
3-936017-46-8,Valid ISBN
8943567898,Valid ISBN
7421394761,Valid ISBN
8254x67898,Invalid ISBN
-,Invalid ISBN
8462957295718,Invalid ISBN
7592596827481,Invalid ISBN
3860916396,Invalid ISBN
51i692718,Invalid ISBN
638508163851x,Invalid ISBN
3-936017-468x,Invalid ISBN
$194)3X82908x,Invalid ISBN
true,Invalid ISBN
xxxxxxxxxxxxx,Invalid ISBN
8461957395719,Invalid ISBN
23-4769-165,Invalid ISBN
978-047-0059-029,Valid ISBN
978-047-0059 029,Valid ISBN
9780470059029,Valid ISBN
6318312471,Valid ISBN
1748193751185,Valid ISBN
6481648368,Invalid ISBN
7295739261,Invalid ISBN
7459167194762,Invalid ISBN
7491647834,Invalid ISBN
289582783,Invalid ISBN
2563754673625,Invalid ISBN
2156376251,Invalid ISBN
254736254,Invalid ISBN
32487362541,Invalid ISBN
q345765263736,Invalid ISBN
23563748736251,Invalid ISBN
23454676534,Invalid ISBN
346256376,Invalid ISBN
35773,Invalid ISBN
12356435241,Invalid ISBN
32546352,Invalid ISBN
13526553,Invalid ISBN
23456898,Invalid ISBN
236255,Invalid ISBN
3236746352,Invalid ISBN
83569694192,Invalid ISBN
3948787364987,Invalid ISBN
23456743234,Invalid ISBN
4567038594,Invalid ISBN
29104769271923,Invalid ISBN
3456534,Invalid ISBN
234e5676534,Invalid ISBN
23456765,Invalid ISBN
23456784532w,Invalid ISBN
23456789,Invalid ISBN
325465766,Invalid ISBN
2345678,Invalid ISBN
23456789,Invalid ISBN
34567890876453,Invalid ISBN
528596h382987,Invalid ISBN
3-936017-46-8,Valid ISBN
43565361,Invalid ISBN
ewt56324,Invalid ISBN
e546742,Invalid ISBN
local,Invalid ISBN
657348923,Invalid ISBN
234632763452,Invalid ISBN
3455746352,Invalid ISBN
3246334724,Invalid ISBN
32545u47362,Invalid ISBN
345763,Invalid ISBN
324356789,Invalid ISBN
23457898372,Invalid ISBN
3243683,Invalid ISBN
3246589872,Invalid ISBN
537459347261,Invalid ISBN
324593756345892,Invalid ISBN
283475684923,Invalid ISBN
899976544438,Invalid ISBN
2354657468,Invalid ISBN
2354676i7,Invalid ISBN
345678997837,Invalid ISBN
34578984,Invalid ISBN
32436478969,Invalid ISBN
324576709837,Invalid ISBN
234478904,Invalid ISBN
2435678059685,Invalid ISBN
435436478o0,Invalid ISBN
978-047-0059029,Valid ISBN
9780470059029-,Valid ISBN
65767890,Invalid ISBN
e5467896685,Invalid ISBN
3435676543,Invalid ISBN
3435676543,Invalid ISBN
3435676543,Invalid ISBN
3435676543,Invalid ISBN
3435676543,Invalid ISBN
3435676543,Invalid ISBN
3435676543,Invalid ISBN
3435676543,Invalid ISBN
3435676543,Invalid ISBN
3435676543,Invalid ISBN
3435676543,Invalid ISBN
8674563534,Invalid ISBN
8674563534,Invalid ISBN
8674563534,Invalid ISBN
8674563534,Invalid ISBN
8674563534,Invalid ISBN
8674563534,Invalid ISBN
8674563534,Invalid ISBN
8674563534,Invalid ISBN
8674563534,Invalid ISBN
8674563534,Invalid ISBN
8674563534,Invalid ISBN
8674563534,Invalid ISBN
8674563534,Invalid ISBN
8674563534,Invalid ISBN
8674563534,Invalid ISBN
8674563534,Invalid ISBN
8674563534,Invalid ISBN
8674563534,Invalid ISBN
8674563534,Invalid ISBN
8674563534,Invalid ISBN
8674563534,Invalid ISBN
8674563534,Invalid ISBN
8674563534,Invalid ISBN
8674563534,Invalid ISBN
8674563534,Invalid ISBN
8674563534,Invalid ISBN
83254 978 62545,Valid ISBN
4728957492,Invalid ISBN
8461957395719,Invalid ISBN
83254 978 62545,Valid ISBN
23456789,Invalid ISBN
874028573,Invalid ISBN
3-936017-46-8,Valid ISBN
3-936017-46-8,Valid ISBN
12345678987654,Invalid ISBN
5436278485,Valid ISBN
23456789,Invalid ISBN
736478352892,Invalid ISBN
736478352892,Invalid ISBN
